priority,coach,hire_year,last_year,final_record,resolved_label,event,confidence,label_source,reason,source,status,your_override
1-CENSOR (verify: overrides default),Sid Gillman,1973,1974,7-7,censor,0,high,research,"Sid Gillman retired on top after 1974 (7-7, NFL Coach of the Year); hand-picked successor Bum Phillips",Wikipedia,review,
1-CENSOR (verify: overrides default),Paul Brown,1970,1975,11-3,censor,0,high,research,"Paul Brown retired voluntarily on top after 1975 (11-3); named own successor, stayed on as GM/owner",Wikipedia/Bengals.com,review,
1-CENSOR (verify: overrides default),Jack Pardee,1975,1977,9-5,censor,0,high,research,"Jack Pardee voluntarily resigned from Bears after 1977; rejected GM Finks offer to stay, chose Redskins job",Washington Post,review,
1-CENSOR (verify: overrides default),Chuck Fairbanks,1973,1978,11-4,censor,0,high,research,Chuck Fairbanks voluntarily left Patriots after 1978 (11-4) for Univ. of Colorado; Patriots sued to block move,Wikipedia/Boston Globe,review,
1-CENSOR (verify: overrides default),John Madden,1970,1978,9-7,censor,0,high,research,John Madden retired on top after 1978 (9-7) due to ulcer/burnout while successful and wanted,Wikipedia,review,
1-CENSOR (verify: overrides default),Bill Walsh,1979,1988,10-6,censor,0,high,research,Bill Walsh retired Jan 1989 days after winning Super Bowl XXIII due to burnout while wanted; voluntary on top,UPI/ESPN,review,
1-CENSOR (verify: overrides default),Bill Parcells,1983,1990,13-3,censor,0,high,research,"Bill Parcells resigned from Giants May 1991 after Super Bowl XXV citing health; voluntary while wanted, took 2 years off",Washington Post,review,
1-CENSOR (verify: overrides default),Jerry Burns,1986,1991,8-8,censor,0,medium,research,"Jerry Burns announced own retirement Dec 1991 at age 64 after 8-8; self-initiated, no pressure, beloved departure",Wikipedia/obits,review,
1-CENSOR (verify: overrides default),Joe Gibbs,1981,1992,9-7,censor,0,high,research,"Joe Gibbs retired March 1993 for health/family; voluntary, owner unaware it was coming, team wanted him",Washington Post,review,
1-CENSOR (verify: overrides default),Bill Parcells,1993,1996,11-5,censor,0,high,research,Bill Parcells resigned from Patriots after 1996 Super Bowl run in personnel-control dispute to take Jets job; Kraft wanted him,SI/ESPN,review,
1-CENSOR (verify: overrides default),Bobby Ross,1992,1996,8-8,censor,0,high,research,Bobby Ross voluntarily left Chargers after 1996 for Lions HC job with more control/money; Chargers wanted to retain him,Wikipedia/CBS,review,
1-CENSOR (verify: overrides default),Mike Holmgren,1992,1998,11-5,censor,0,high,research,Mike Holmgren voluntarily resigned from Packers after 1998 to take Seahawks HC+GM job for total control; Packers wanted him,Packers.com/ESPN,review,
1-CENSOR (verify: overrides default),Bill Parcells,1997,1999,8-8,censor,0,high,research,"Bill Parcells retired as Jets HC after 1999 on his own terms, moving to football ops with Belichick set to succeed; not performance-driven",ESPN/CBS,review,
1-CENSOR (verify: overrides default),Dick Vermeil,1997,1999,13-3,censor,0,high,research,Dick Vermeil retired on top after winning Super Bowl XXXIV with 1999 Rams (13-3); walked away voluntarily while wanted,Wikipedia/ESPN,review,
1-CENSOR (verify: overrides default),Jimmy Johnson,1996,1999,9-7,censor,0,high,research,"Jimmy Johnson voluntarily retired after 1999 Dolphins season; burnout, time with family, team would have kept him",CBS/ESPN,review,
1-CENSOR (verify: overrides default),Al Groh,2000,2000,9-7,censor,0,high,research,Al Groh voluntarily resigned Jets after 2000 (9-7) to take Virginia (alma mater) college HC job,UPI/ESPN,review,
1-CENSOR (verify: overrides default),Bobby Ross,1997,2000,5-4,censor,0,medium,research,"Bobby Ross voluntarily resigned mid-2000 citing burnout, player effort, and leg blood clots; owner praised decision, team viable",Washington Post,review,
1-CENSOR (verify: overrides default),Dick Vermeil,2001,2005,10-6,censor,0,high,research,"Dick Vermeil voluntarily retired after 2005 (10-6), walked away on top still wanted (one more year chants)",Wikipedia/Arrowhead Pride,review,
1-CENSOR (verify: overrides default),Bill Cowher,1992,2006,8-8,censor,0,high,research,"Bill Cowher voluntarily stepped down/retired Jan 2007 after 15 seasons, still wanted (won SB XL the prior year)",Pro Football HOF,review,
1-CENSOR (verify: overrides default),Bill Parcells,2003,2006,9-7,censor,0,high,research,"Bill Parcells voluntarily retired from coaching Jan 2007 after 4 Dallas seasons; his own choice, Jones wanted him back",ESPN,review,
1-CENSOR (verify: overrides default),Joe Gibbs,2004,2007,9-7,censor,0,high,research,Joe Gibbs resigned Jan 2008 for family/non-football reasons (grandson's leukemia); voluntary departure,Washington Post,review,
1-CENSOR (verify: overrides default),Tony Dungy,2002,2008,12-4,censor,0,high,research,Tony Dungy retired voluntarily Jan 2009 on top after 12-4 playoff season to be with family; hand-picked successor Caldwell,ESPN,review,
1-CENSOR (verify: overrides default),Doug Marrone,2013,2014,9-7,censor,0,high,research,Doug Marrone voluntarily exercised opt-out Dec 2014 leaving a 9-7 team; asked for extension then chose to walk,NFL.com/ESPN,review,
1-CENSOR (verify: overrides default),Gary Kubiak,2015,2016,9-7,censor,0,high,research,"Gary Kubiak retired Jan 2017 for health reasons (migraine condition/seizures, ambulance during season); non-football",ESPN/NFL.com,review,
1-CENSOR (verify: overrides default),Bruce Arians,2013,2017,8-8,censor,0,high,research,Bruce Arians retired Jan 2018 (Cardinals) citing family after 42-yr career; left as franchise winningest coach by choice,CBS/Yahoo,review,
1-CENSOR (verify: overrides default),Bruce Arians,2019,2021,13-4,censor,0,high,research,"Bruce Arians voluntarily stepped down March 2022 (Bucs) while successful (SB winner), hand-picked successor Bowles, moved to front office",NFL.com/ESPN,review,
1-CENSOR (verify: overrides default),Sean Payton,2006,2021,9-8,censor,0,high,research,"Sean Payton voluntarily retired/stepped away Jan 2022 (Saints) after 9-8, wanting time off; team would have kept him (un-retired 2023)",NFL.com/PFF,review,
2-flagged judgment call,Ted Marchibroda,1992,1995,9-7,event,1,medium,research,Ted Marchibroda left Colts Feb 1996 after team rejected his 2-yr extension demand (offered 1) and promoted a replacement; Ravens 6 days later,Baltimore Sun,review,
"3-event, lower-confidence",Walt Michaels,1977,1982,6-3,event,1,medium,research,Walt Michaels forced/pressured resignation Feb 1983; ownership gave a package and told him to resign,UPI/Wikipedia,review,
"3-event, lower-confidence",Jimmy Johnson,1989,1993,12-4,event,1,medium,research,Jimmy Johnson and Cowboys mutually parted March 1994 after power struggle with Jerry Jones; effectively forced out,ESPN,review,
"3-event, lower-confidence",Don Shula,1970,1995,9-7,event,1,medium,research,"Don Shula resigned after 1995 amid heavy fan/media pressure with Jimmy Johnson waiting; team moved on, hired Johnson days later",Baltimore Sun,review,
"3-event, lower-confidence",Jon Gruden,1998,2001,10-6,event,1,medium,research,"Jon Gruden traded away by Raiders to Tampa Bay Feb 2002 (for picks and cash); Raiders moved on, Gruden never wanted to leave",NBC Sports Bay Area,review,
"3-event, lower-confidence",Pete Carroll,2010,2023,9-8,event,1,medium,research,Pete Carroll out as Seahawks coach Jan 2024 after 9-8; he wanted to return but ownership forced him into an advisor role,ESPN/Seattle Times,review,
4-dropped,Jerry Smith,1971,1971,2-3,event,1,high,deterministic,losing_finale,record/Notes,DROP (interim),
4-dropped,John Sandusky,1972,1972,4-5,event,1,high,deterministic,losing_finale,record/Notes,DROP (interim),
4-dropped,Phil Bengtson,1972,1972,1-4,event,1,high,deterministic,losing_finale,record/Notes,DROP (interim),
4-dropped,Ron Waller,1973,1973,1-5,event,1,high,deterministic,losing_finale,record/Notes,DROP (interim),
4-dropped,Joe Thomas,1974,1974,2-9,event,1,high,deterministic,losing_finale,record/Notes,DROP (interim),
4-dropped,Ernie Hefferle,1975,1975,1-7,event,1,high,deterministic,losing_finale,record/Notes,DROP (interim),
4-dropped,Mike Holovak,1976,1976,0-1,event,1,high,deterministic,losing_finale,record/Notes,DROP (interim),
4-dropped,Pat Peppler,1976,1976,3-6,event,1,high,deterministic,losing_finale,record/Notes,DROP (interim),
4-dropped,Larry Wilson,1979,1979,2-1,event,1,low,research,Larry Wilson INTERIM caretaker: took over Cardinals (2-1) after Bud Wilkinson fired Week 13 1979; returned to front office,Wikipedia,DROP (interim),
4-dropped,Mike McCormack,1982,1982,4-3,event,1,low,research,Mike McCormack INTERIM caretaker: took over Seahawks (4-3) after Patera fired in 1982 strike season; returned to GM role,Wikipedia,DROP (interim),
4-dropped,Hal Hunter,1984,1984,0-1,event,1,high,deterministic,losing_finale,record/Notes,DROP (interim),
4-dropped,Fred Bruney,1985,1985,1-0,event,1,low,research,Fred Bruney INTERIM single game: coached final game of 1985 (1-0) after Marion Campbell let go; never permanent hire,Wikipedia,DROP (interim),
4-dropped,Hank Kuhlmann,1989,1989,0-5,event,1,high,deterministic,losing_finale,record/Notes,DROP (interim),
4-dropped,Rick Venturi,1996,1996,1-7,event,1,high,deterministic,losing_finale,record/Notes,DROP (interim),
4-dropped,Gary Moeller,2000,2000,4-3,event,1,low,research,"Gary Moeller INTERIM caretaker: took over Week 11 2000 (4-3) after Ross quit; never permanent hire, not retained by new pres Millen",Wikipedia,DROP (interim),
4-dropped,Jon Gruden,2020,2021,3-2,event,1,high,research,Duplicate of rid 75 (Jon Gruden Oct 2021 forced resignation amid email scandal); spurious 2020 hire row in data,CNN/SI,DROP (duplicate),
"5-event, high-confidence",Bill Austin,1970,1970,6-8,event,1,high,deterministic,losing_finale,record/Notes,review,
"5-event, high-confidence",Charlie Waller,1970,1970,5-6-3,event,1,high,deterministic,losing_finale,record/Notes,review,
"5-event, high-confidence",Clive Rush,1970,1970,1-6,event,1,high,deterministic,losing_finale,record/Notes,review,
"5-event, high-confidence",John Rauch,1970,1970,3-10-1,event,1,high,deterministic,losing_finale,record/Notes,review,
"5-event, high-confidence",Wally Lemm,1970,1970,3-10-1,event,1,high,deterministic,losing_finale,record/Notes,review,
"5-event, high-confidence",Ed Hughes,1971,1971,4-9-1,event,1,high,deterministic,losing_finale,record/Notes,review,
"5-event, high-confidence",Harvey Johnson,1971,1971,1-13,event,1,high,deterministic,losing_finale,record/Notes,review,
"5-event, high-confidence",Lou Saban,1970,1971,2-6-1,event,1,high,deterministic,losing_finale,record/Notes,review,
"5-event, high-confidence",Sid Gillman,1971,1971,4-6,event,1,high,deterministic,losing_finale,record/Notes,review,
"5-event, high-confidence",Bob Hollway,1971,1972,4-9-1,event,1,high,deterministic,losing_finale,record/Notes,review,
"5-event, high-confidence",Don McCafferty,1970,1972,1-4,event,1,high,deterministic,losing_finale,record/Notes,review,
"5-event, high-confidence",Ed Khayat,1971,1972,2-11-1,event,1,high,deterministic,losing_finale,record/Notes,review,
"5-event, high-confidence",J.D. Roberts,1970,1972,2-11-1,event,1,high,deterministic,losing_finale,record/Notes,review,
"5-event, high-confidence",John Mazur,1971,1972,2-7,event,1,high,deterministic,losing_finale,record/Notes,review,
"5-event, high-confidence",Tommy Prothro,1971,1972,6-7-1,event,1,high,deterministic,losing_finale,record/Notes,review,
"5-event, high-confidence",Bill Peterson,1972,1973,0-5,event,1,high,deterministic,losing_finale,record/Notes,review,
"5-event, high-confidence",Don McCafferty,1973,1973,6-7-1,event,1,high,deterministic,losing_finale,record/Notes,review,
"5-event, high-confidence",Harland Svare,1971,1973,1-6-1,event,1,high,deterministic,losing_finale,record/Notes,review,
"5-event, high-confidence",Weeb Ewbank,1970,1973,4-10,event,1,high,deterministic,losing_finale,record/Notes,review,
"5-event, high-confidence",Abe Gibron,1972,1974,4-10,event,1,high,deterministic,losing_finale,record/Notes,review,
"5-event, high-confidence",Dan Devine,1971,1974,6-8,event,1,high,deterministic,losing_finale,record/Notes,review,
"5-event, high-confidence",Hank Stram,1970,1974,5-9,event,1,high,deterministic,losing_finale,record/Notes,review,
"5-event, high-confidence",Howard Schnellenberger,1973,1974,0-3,event,1,high,deterministic,losing_finale,record/Notes,review,
"5-event, high-confidence",Nick Skorich,1971,1974,4-10,event,1,high,deterministic,losing_finale,record/Notes,review,
"5-event, high-confidence",Charley Winner,1974,1975,2-7,event,1,high,deterministic,losing_finale,record/Notes,review,
"5-event, high-confidence",John North,1973,1975,1-5,event,1,high,deterministic,losing_finale,record/Notes,review,
"5-event, high-confidence",Mike McCormack,1973,1975,4-10,event,1,high,deterministic,losing_finale,record/Notes,review,
"5-event, high-confidence",John Ralston,1972,1976,9-5,event,1,high,research,John Ralston resigned under pressure after 1976 (9-5) following player revolt; stripped of GM title before resigning,Wikipedia,review,
"5-event, high-confidence",Monte Clark,1976,1976,8-6,event,1,high,research,Monte Clark fired by 49ers Apr 1977 over personnel-authority dispute with GM Joe Thomas; sat out 1977 before Detroit,Wikipedia,review,
"5-event, high-confidence",Bill Arnsparger,1974,1976,0-7,event,1,high,deterministic,losing_finale,record/Notes,review,
"5-event, high-confidence",Bill Arnsparger,1976,1976,0-7,event,1,high,deterministic,losing_finale,record/Notes,review,
"5-event, high-confidence",Lou Holtz,1976,1976,3-10,event,1,high,deterministic,losing_finale,record/Notes,review,
"5-event, high-confidence",Lou Saban,1972,1976,2-3,event,1,high,deterministic,losing_finale,record/Notes,review,
"5-event, high-confidence",Marion Campbell,1975,1976,1-4,event,1,high,deterministic,losing_finale,record/Notes,review,
"5-event, high-confidence",Rick Forzano,1974,1976,1-3,event,1,high,deterministic,losing_finale,record/Notes,review,
"5-event, high-confidence",Chuck Knox,1973,1977,10-4,event,1,high,research,Chuck Knox pre-emptively jumped to Buffalo Jan 1978 to avoid being fired by owner Rosenbloom after Mud Bowl loss,Wikipedia/ESPN,review,
"5-event, high-confidence",Don Coryell,1973,1977,7-7,event,1,high,research,Don Coryell forced out after 1977 (7-7) following falling out with owner Bill Bidwill; dismissed Feb 1978,Wikipedia,review,
"5-event, high-confidence",George Allen,1971,1977,9-5,event,1,high,research,George Allen fired by Redskins Jan 1978 despite 9-5; contract/budget dispute with Edward Bennett Williams,Washington Post/Wikipedia,review,
"5-event, high-confidence",Forrest Gregg,1975,1977,6-7,event,1,high,deterministic,losing_finale,record/Notes,review,
"5-event, high-confidence",Hank Stram,1976,1977,3-11,event,1,high,deterministic,losing_finale,record/Notes,review,
"5-event, high-confidence",Jim Ringo,1976,1977,3-11,event,1,high,deterministic,losing_finale,record/Notes,review,
"5-event, high-confidence",Ken Meyer,1977,1977,5-9,event,1,high,deterministic,losing_finale,record/Notes,review,
"5-event, high-confidence",Paul Wiggin,1975,1977,1-6,event,1,high,deterministic,losing_finale,record/Notes,review,
"5-event, high-confidence",Tommy Hudspeth,1976,1977,6-8,event,1,high,deterministic,losing_finale,record/Notes,review,
"5-event, high-confidence",Bill Johnson,1976,1978,0-5,event,1,high,deterministic,losing_finale,record/Notes,review,
"5-event, high-confidence",John McVay,1976,1978,6-10,event,1,high,deterministic,losing_finale,record/Notes,review,
"5-event, high-confidence",Pete McCulley,1978,1978,1-8,event,1,high,deterministic,losing_finale,record/Notes,review,
"5-event, high-confidence",Tommy Prothro,1974,1978,1-3,event,1,high,deterministic,losing_finale,record/Notes,review,
"5-event, high-confidence",Bud Wilkinson,1978,1979,3-10,event,1,high,deterministic,losing_finale,record/Notes,review,
"5-event, high-confidence",Homer Rice,1978,1979,4-12,event,1,high,deterministic,losing_finale,record/Notes,review,
"5-event, high-confidence",Ted Marchibroda,1975,1979,5-11,event,1,high,deterministic,losing_finale,record/Notes,review,
"5-event, high-confidence",Bum Phillips,1975,1980,11-5,event,1,high,research,Bum Phillips fired by Oilers owner Bud Adams Dec 31 1980 despite 11-5 (expected extension); Saints job came after,UPI/Wikipedia,review,
"5-event, high-confidence",Red Miller,1977,1980,8-8,event,1,high,research,Red Miller fired by new Broncos owner spring 1981 after 8-8 missed playoffs,Wikipedia,review,
"5-event, high-confidence",Dick Nolan,1978,1980,0-12,event,1,high,deterministic,losing_finale,record/Notes,review,
"5-event, high-confidence",Jack Pardee,1978,1980,6-10,event,1,high,deterministic,losing_finale,record/Notes,review,
"5-event, high-confidence",Mike McCormack,1980,1981,2-14,event,1,high,deterministic,losing_finale,record/Notes,review,
"5-event, high-confidence",Neill Armstrong,1978,1981,6-10,event,1,high,deterministic,losing_finale,record/Notes,review,
"5-event, high-confidence",Ron Erhardt,1979,1981,2-14,event,1,high,deterministic,losing_finale,record/Notes,review,
"5-event, high-confidence",Leeman Bennett,1977,1982,5-4,event,1,high,research,Leeman Bennett fired by Falcons Jan 1983 after strike-shortened 5-4; said he was surprised,UPI/Wikipedia,review,
"5-event, high-confidence",Chuck Knox,1978,1982,4-5,event,1,high,deterministic,losing_finale,record/Notes,review,
"5-event, high-confidence",Dick Vermeil,1976,1982,3-6,event,1,high,deterministic,losing_finale,record/Notes,review,
"5-event, high-confidence",Jack Patera,1976,1982,0-2,event,1,high,deterministic,losing_finale,record/Notes,review,
"5-event, high-confidence",Marv Levy,1978,1982,3-6,event,1,high,deterministic,losing_finale,record/Notes,review,
"5-event, high-confidence",Ray Malavasi,1978,1982,2-7,event,1,high,deterministic,losing_finale,record/Notes,review,
"5-event, high-confidence",Ray Perkins,1979,1982,4-5,event,1,high,deterministic,losing_finale,record/Notes,review,
"5-event, high-confidence",Bart Starr,1975,1983,8-8,event,1,high,research,Bart Starr fired by Packers Dec 19 1983 day after 8-8 missed playoffs; said he was shocked,UPI/Wikipedia,review,
"5-event, high-confidence",Ed Biles,1981,1983,0-6,event,1,high,deterministic,losing_finale,record/Notes,review,
"5-event, high-confidence",Forrest Gregg,1980,1983,7-9,event,1,high,deterministic,losing_finale,record/Notes,review,
"5-event, high-confidence",Ron Meyer,1982,1984,5-3,event,1,high,research,Ron Meyer fired midway through 1984 by Patriots after firing his DC; replaced by Raymond Berry,Wikipedia,review,
"5-event, high-confidence",Frank Kush,1982,1984,4-11,event,1,high,deterministic,losing_finale,record/Notes,review,
"5-event, high-confidence",Frank Kush,1984,1984,4-11,event,1,high,deterministic,losing_finale,record/Notes,review,
"5-event, high-confidence",John McKay,1976,1984,6-10,event,1,high,deterministic,losing_finale,record/Notes,review,
"5-event, high-confidence",Les Steckel,1984,1984,3-13,event,1,high,deterministic,losing_finale,record/Notes,review,
"5-event, high-confidence",Monte Clark,1978,1984,4-11-1,event,1,high,deterministic,losing_finale,record/Notes,review,
"5-event, high-confidence",Sam Rutigliano,1978,1984,1-7,event,1,high,deterministic,losing_finale,record/Notes,review,
"5-event, high-confidence",Bud Grant,1985,1985,7-9,event,1,high,deterministic,losing_finale,record/Notes,review,
"5-event, high-confidence",Bum Phillips,1981,1985,4-8,event,1,high,deterministic,losing_finale,record/Notes,review,
"5-event, high-confidence",Hugh Campbell,1984,1985,5-9,event,1,high,deterministic,losing_finale,record/Notes,review,
"5-event, high-confidence",Jim Hanifan,1980,1985,5-11,event,1,high,deterministic,losing_finale,record/Notes,review,
"5-event, high-confidence",Kay Stephenson,1983,1985,0-4,event,1,high,deterministic,losing_finale,record/Notes,review,
"5-event, high-confidence",Marion Campbell,1983,1985,6-9,event,1,high,deterministic,losing_finale,record/Notes,review,
"5-event, high-confidence",John Mackovic,1983,1986,10-6,event,1,high,research,"John Mackovic fired by Chiefs days after 1986 despite playoffs, following a player revolt to owner Lamar Hunt",Wikipedia,review,
"5-event, high-confidence",Dan Henning,1983,1986,7-8-1,event,1,high,deterministic,losing_finale,record/Notes,review,
"5-event, high-confidence",Don Coryell,1978,1986,1-7,event,1,high,deterministic,losing_finale,record/Notes,review,
"5-event, high-confidence",Hank Bullough,1986,1986,2-7,event,1,high,deterministic,losing_finale,record/Notes,review,
"5-event, high-confidence",Leeman Bennett,1985,1986,2-14,event,1,high,deterministic,losing_finale,record/Notes,review,
"5-event, high-confidence",Rod Dowhower,1985,1986,0-13,event,1,high,deterministic,losing_finale,record/Notes,review,
"5-event, high-confidence",Forrest Gregg,1984,1987,5-9-1,event,1,high,deterministic,losing_finale,record/Notes,review,
"5-event, high-confidence",Tom Flores,1979,1987,5-10,event,1,high,deterministic,losing_finale,record/Notes,review,
"5-event, high-confidence",Tom Flores,1982,1987,5-10,event,1,high,deterministic,losing_finale,record/Notes,review,
"5-event, high-confidence",Marty Schottenheimer,1985,1988,10-6,event,1,high,research,Marty Schottenheimer forced resignation Browns Dec 1988 after Modell ultimatum to hire an OC/strip role; KC hired after,Wikipedia,review,
"5-event, high-confidence",Al Saunders,1986,1988,6-10,event,1,high,deterministic,losing_finale,record/Notes,review,
"5-event, high-confidence",Darryl Rogers,1985,1988,2-9,event,1,high,deterministic,losing_finale,record/Notes,review,
"5-event, high-confidence",Frank Gansz,1987,1988,4-11-1,event,1,high,deterministic,losing_finale,record/Notes,review,
"5-event, high-confidence",Jerry Glanville,1986,1989,9-7,event,1,high,research,Jerry Glanville fired by Oilers Jan 1990 after season-ending losing skid; Atlanta hired him a week later,Wikipedia,review,
"5-event, high-confidence",Gene Stallings,1986,1989,5-6,event,1,high,deterministic,losing_finale,record/Notes,review,
"5-event, high-confidence",Gene Stallings,1988,1989,5-6,event,1,high,deterministic,losing_finale,record/Notes,review,
"5-event, high-confidence",Joe Walton,1983,1989,4-12,event,1,high,deterministic,losing_finale,record/Notes,review,
"5-event, high-confidence",Marion Campbell,1987,1989,3-9,event,1,high,deterministic,losing_finale,record/Notes,review,
"5-event, high-confidence",Mike Shanahan,1988,1989,1-3,event,1,high,deterministic,losing_finale,record/Notes,review,
"5-event, high-confidence",Raymond Berry,1984,1989,5-11,event,1,high,deterministic,losing_finale,record/Notes,review,
"5-event, high-confidence",Buddy Ryan,1986,1990,10-6,event,1,high,research,Buddy Ryan fired by Eagles Jan 1991 after third straight first-round playoff exit,Washington Post,review,
"5-event, high-confidence",Bud Carson,1989,1990,2-7,event,1,high,deterministic,losing_finale,record/Notes,review,
"5-event, high-confidence",Ray Perkins,1987,1990,5-8,event,1,high,deterministic,losing_finale,record/Notes,review,
"5-event, high-confidence",Rod Rust,1990,1990,1-15,event,1,high,deterministic,losing_finale,record/Notes,review,
"5-event, high-confidence",Chuck Knox,1983,1991,7-9,event,1,high,deterministic,losing_finale,record/Notes,review,
"5-event, high-confidence",Dan Henning,1989,1991,4-12,event,1,high,deterministic,losing_finale,record/Notes,review,
"5-event, high-confidence",John Robinson,1983,1991,3-13,event,1,high,deterministic,losing_finale,record/Notes,review,
"5-event, high-confidence",Lindy Infante,1988,1991,4-12,event,1,high,deterministic,losing_finale,record/Notes,review,
"5-event, high-confidence",Richard Williamson,1990,1991,3-13,event,1,high,deterministic,losing_finale,record/Notes,review,
"5-event, high-confidence",Ron Meyer,1986,1991,0-5,event,1,high,deterministic,losing_finale,record/Notes,review,
"5-event, high-confidence",Sam Wyche,1984,1991,3-13,event,1,high,deterministic,losing_finale,record/Notes,review,
"5-event, high-confidence",Dan Reeves,1981,1992,8-8,event,1,high,research,Dan Reeves fired by Broncos owner Bowlen Dec 1992 amid Elway feud after 8-8,UPI,review,
"5-event, high-confidence",Dick MacPherson,1991,1992,2-14,event,1,high,deterministic,losing_finale,record/Notes,review,
"5-event, high-confidence",Mike Ditka,1982,1992,5-11,event,1,high,deterministic,losing_finale,record/Notes,review,
"5-event, high-confidence",Ray Handley,1991,1992,6-10,event,1,high,deterministic,losing_finale,record/Notes,review,
"5-event, high-confidence",Bruce Coslet,1990,1993,8-8,event,1,high,research,Bruce Coslet fired by Jets Jan 1994 (never a winning season); GM cited philosophy disagreement,Seattle Times,review,
"5-event, high-confidence",Jerry Glanville,1990,1993,6-10,event,1,high,deterministic,losing_finale,record/Notes,review,
"5-event, high-confidence",Joe Bugel,1990,1993,7-9,event,1,high,deterministic,losing_finale,record/Notes,review,
"5-event, high-confidence",Richie Petitbon,1993,1993,4-12,event,1,high,deterministic,losing_finale,record/Notes,review,
"5-event, high-confidence",Art Shell,1989,1994,9-7,event,1,high,research,Art Shell fired by Raiders owner Al Davis after 1994 (9-7) missed playoffs; Davis later regretted it,ESPN/Wikipedia,review,
"5-event, high-confidence",Chuck Knox,1992,1994,4-12,event,1,high,deterministic,losing_finale,record/Notes,review,
"5-event, high-confidence",Jack Pardee,1990,1994,1-9,event,1,high,deterministic,losing_finale,record/Notes,review,
"5-event, high-confidence",Pete Carroll,1994,1994,6-10,event,1,high,deterministic,losing_finale,record/Notes,review,
"5-event, high-confidence",Rich Kotite,1991,1994,7-9,event,1,high,deterministic,losing_finale,record/Notes,review,
"5-event, high-confidence",Tom Flores,1992,1994,6-10,event,1,high,deterministic,losing_finale,record/Notes,review,
"5-event, high-confidence",Wade Phillips,1993,1994,7-9,event,1,high,deterministic,losing_finale,record/Notes,review,
"5-event, high-confidence",Bill Belichick,1991,1995,5-11,event,1,high,deterministic,losing_finale,record/Notes,review,
"5-event, high-confidence",Buddy Ryan,1994,1995,4-12,event,1,high,deterministic,losing_finale,record/Notes,review,
"5-event, high-confidence",Sam Wyche,1992,1995,7-9,event,1,high,deterministic,losing_finale,record/Notes,review,
"5-event, high-confidence",George Seifert,1989,1996,12-4,event,1,high,research,"George Seifert forced out after 1996; 49ers offered no extension, gave ultimatum to accept demotion behind named successor Mariucci",Washington Post,review,
"5-event, high-confidence",Dan Reeves,1993,1996,6-10,event,1,high,deterministic,losing_finale,record/Notes,review,
"5-event, high-confidence",David Shula,1992,1996,1-6,event,1,high,deterministic,losing_finale,record/Notes,review,
"5-event, high-confidence",June Jones,1994,1996,3-13,event,1,high,deterministic,losing_finale,record/Notes,review,
"5-event, high-confidence",Mike White,1995,1996,7-9,event,1,high,deterministic,losing_finale,record/Notes,review,
"5-event, high-confidence",Rich Brooks,1995,1996,6-10,event,1,high,deterministic,losing_finale,record/Notes,review,
"5-event, high-confidence",Rich Kotite,1995,1996,1-15,event,1,high,deterministic,losing_finale,record/Notes,review,
"5-event, high-confidence",Wayne Fontes,1989,1996,5-11,event,1,high,deterministic,losing_finale,record/Notes,review,
"5-event, high-confidence",Barry Switzer,1994,1997,6-10,event,1,high,deterministic,losing_finale,record/Notes,review,
"5-event, high-confidence",Joe Bugel,1997,1997,4-12,event,1,high,deterministic,losing_finale,record/Notes,review,
"5-event, high-confidence",Lindy Infante,1996,1997,3-13,event,1,high,deterministic,losing_finale,record/Notes,review,
"5-event, high-confidence",Marv Levy,1986,1997,6-10,event,1,high,deterministic,losing_finale,record/Notes,review,
"5-event, high-confidence",Dennis Erickson,1995,1998,8-8,event,1,high,research,Dennis Erickson fired by Seahawks Dec 1998 after fourth straight non-playoff season (8-8); one of five fired that day,CBS/Wikipedia,review,
"5-event, high-confidence",Dave Wannstedt,1993,1998,4-12,event,1,high,deterministic,losing_finale,record/Notes,review,
"5-event, high-confidence",Dom Capers,1995,1998,4-12,event,1,high,deterministic,losing_finale,record/Notes,review,
"5-event, high-confidence",Kevin Gilbride,1997,1998,2-4,event,1,high,deterministic,losing_finale,record/Notes,review,
"5-event, high-confidence",Marty Schottenheimer,1989,1998,7-9,event,1,high,deterministic,losing_finale,record/Notes,review,
"5-event, high-confidence",Ray Rhodes,1995,1998,3-13,event,1,high,deterministic,losing_finale,record/Notes,review,
"5-event, high-confidence",Ted Marchibroda,1996,1998,6-10,event,1,high,deterministic,losing_finale,record/Notes,review,
"5-event, high-confidence",Chan Gailey,1998,1999,8-8,event,1,high,research,Chan Gailey fired by Cowboys Jan 2000 after two playoff seasons; Jerry Jones cited scheme fit and later called it a regret,CBS/ESPN,review,
"5-event, high-confidence",Pete Carroll,1997,1999,8-8,event,1,high,research,Pete Carroll fired by Patriots Jan 2000 after 8-8 collapse; Kraft replaced him with Belichick,ESPN/Patriots.com,review,
"5-event, high-confidence",Ray Rhodes,1999,1999,8-8,event,1,high,research,Ray Rhodes fired by Packers GM Ron Wolf Jan 2000 after lone 8-8 season missing playoffs,SI/Wikipedia,review,
"5-event, high-confidence",Mike Ditka,1997,1999,3-13,event,1,high,deterministic,losing_finale,record/Notes,review,
"5-event, high-confidence",Wade Phillips,1998,2000,8-8,event,1,high,research,Wade Phillips fired by Bills owner Ralph Wilson after 2000 (8-8) for refusing to fire his special teams coach,CBS/ESPN,review,
"5-event, high-confidence",Bruce Coslet,1997,2000,0-3,event,1,high,deterministic,fired_notes,record/Notes,review,
"5-event, high-confidence",Chris Palmer,1999,2000,3-13,event,1,high,deterministic,losing_finale,record/Notes,review,
"5-event, high-confidence",Gunther Cunningham,1999,2000,7-9,event,1,high,deterministic,losing_finale,record/Notes,review,
"5-event, high-confidence",Norv Turner,1994,2000,7-6,event,1,high,deterministic,fired_notes,record/Notes,review,
"5-event, high-confidence",Vince Tobin,1996,2000,2-5,event,1,high,deterministic,fired_notes,record/Notes,review,
"5-event, high-confidence",Marty Schottenheimer,2001,2001,8-8,event,1,high,research,Marty Schottenheimer fired by Dan Snyder after lone 2001 Washington season (8-8) in power struggle; Spurrier hired,ESPN/Washington Post,review,
"5-event, high-confidence",Tony Dungy,1996,2001,9-7,event,1,high,research,"Tony Dungy fired by Buccaneers Jan 2002 after repeated playoff failures; Colts hired him after, but fired first",ESPN/Wikipedia,review,
"5-event, high-confidence",Dennis Green,1992,2001,5-10,event,1,high,deterministic,losing_finale,record/Notes,review,
"5-event, high-confidence",George Seifert,1999,2001,1-15,event,1,high,deterministic,losing_finale,record/Notes,review,
"5-event, high-confidence",Mike Riley,1999,2001,5-11,event,1,high,deterministic,losing_finale,record/Notes,review,
"5-event, high-confidence",Steve Mariucci,1997,2002,10-6,event,1,high,research,"Steve Mariucci fired by 49ers Jan 2003 after losing power struggle with GM/owner; Lions hired him after, but fired first",Washington Post,review,
"5-event, high-confidence",Dave Campo,2000,2002,5-11,event,1,high,deterministic,losing_finale,record/Notes,review,
"5-event, high-confidence",Dick LeBeau,2001,2002,2-14,event,1,high,deterministic,losing_finale,record/Notes,review,
"5-event, high-confidence",Marty Mornhinweg,2001,2002,3-13,event,1,high,deterministic,losing_finale,record/Notes,review,
"5-event, high-confidence",Tom Coughlin,1995,2002,6-10,event,1,high,deterministic,losing_finale,record/Notes,review,
"5-event, high-confidence",Bill Callahan,2002,2003,4-12,event,1,high,deterministic,losing_finale,record/Notes,review,
"5-event, high-confidence",Dan Reeves,1997,2003,3-10,event,1,high,deterministic,fired_notes,record/Notes,review,
"5-event, high-confidence",Dave McGinnis,2001,2003,4-12,event,1,high,deterministic,losing_finale,record/Notes,review,
"5-event, high-confidence",Dick Jauron,1999,2003,7-9,event,1,high,deterministic,losing_finale,record/Notes,review,
"5-event, high-confidence",Gregg Williams,2001,2003,6-10,event,1,high,deterministic,losing_finale,record/Notes,review,
"5-event, high-confidence",Jim Fassel,1997,2003,4-12,event,1,high,deterministic,losing_finale,record/Notes,review,
"5-event, high-confidence",Steve Spurrier,2002,2003,5-11,event,1,high,deterministic,losing_finale,record/Notes,review,
"5-event, high-confidence",Butch Davis,2001,2004,3-8,event,1,high,deterministic,fired_notes,record/Notes,review,
"5-event, high-confidence",Dave Wannstedt,2000,2004,1-8,event,1,high,deterministic,fired_notes,record/Notes,review,
"5-event, high-confidence",Dennis Erickson,2003,2004,2-14,event,1,high,deterministic,losing_finale,record/Notes,review,
"5-event, high-confidence",Mike Tice,2002,2005,9-7,event,1,high,research,Mike Tice fired by Vikings Jan 1 2006; owner Zygi Wilf declined to renew right after 9-7 finale,ESPN/NFL.com,review,
"5-event, high-confidence",Dom Capers,2002,2005,2-14,event,1,high,deterministic,losing_finale,record/Notes,review,
"5-event, high-confidence",Herm Edwards,2001,2005,4-12,event,1,high,deterministic,losing_finale,record/Notes,review,
"5-event, high-confidence",Jim Haslett,2000,2005,3-13,event,1,high,deterministic,losing_finale,record/Notes,review,
"5-event, high-confidence",Mike Martz,2000,2005,2-3,event,1,high,deterministic,fired_notes,record/Notes,review,
"5-event, high-confidence",Mike Mularkey,2004,2005,5-11,event,1,high,deterministic,losing_finale,record/Notes,review,
"5-event, high-confidence",Mike Sherman,2000,2005,4-12,event,1,high,deterministic,losing_finale,record/Notes,review,
"5-event, high-confidence",Norv Turner,2004,2005,4-12,event,1,high,deterministic,losing_finale,record/Notes,review,
"5-event, high-confidence",Steve Mariucci,2003,2005,4-7,event,1,high,deterministic,fired_notes,record/Notes,review,
"5-event, high-confidence",Marty Schottenheimer,2002,2006,14-2,event,1,high,research,"Marty Schottenheimer fired by Chargers Feb 2007 despite NFL-best 14-2, over GM A.J. Smith dysfunction",ESPN,review,
"5-event, high-confidence",Art Shell,2006,2006,2-14,event,1,high,deterministic,losing_finale,record/Notes,review,
"5-event, high-confidence",Dennis Green,2004,2006,5-11,event,1,high,deterministic,losing_finale,record/Notes,review,
"5-event, high-confidence",Jim Mora,2004,2006,7-9,event,1,high,deterministic,losing_finale,record/Notes,review,
"5-event, high-confidence",Nick Saban,2005,2006,6-10,event,1,high,deterministic,losing_finale,record/Notes,review,
"5-event, high-confidence",Bobby Petrino,2007,2007,3-10,event,1,high,deterministic,losing_finale,record/Notes,review,
"5-event, high-confidence",Brian Billick,1999,2007,5-11,event,1,high,deterministic,losing_finale,record/Notes,review,
"5-event, high-confidence",Cam Cameron,2007,2007,1-15,event,1,high,deterministic,losing_finale,record/Notes,review,
"5-event, high-confidence",Eric Mangini,2006,2008,9-7,event,1,high,research,"Eric Mangini fired by Jets Dec 2008 after 1-4 collapse; Browns hired him after, but fired first",NFL.com,review,
"5-event, high-confidence",Jon Gruden,2002,2008,9-7,event,1,high,research,Jon Gruden fired by Buccaneers Jan 2009 after winless December and playoff miss,Britannica/Wikipedia,review,
"5-event, high-confidence",Mike Shanahan,1995,2008,8-8,event,1,high,research,"Mike Shanahan fired by owner Bowlen Dec 2008 after late collapse (8-8) missed playoffs 3rd straight, ending 14-yr tenure",ESPN/Wikipedia,review,
"5-event, high-confidence",Herm Edwards,2006,2008,2-14,event,1,high,deterministic,losing_finale,record/Notes,review,
"5-event, high-confidence",Lane Kiffin,2007,2008,1-3,event,1,high,deterministic,fired_notes,record/Notes,review,
"5-event, high-confidence",Mike Holmgren,1999,2008,4-12,event,1,high,deterministic,losing_finale,record/Notes,review,
"5-event, high-confidence",Mike Nolan,2005,2008,2-5,event,1,high,deterministic,fired_notes,record/Notes,review,
"5-event, high-confidence",Rod Marinelli,2006,2008,0-16,event,1,high,deterministic,losing_finale,record/Notes,review,
"5-event, high-confidence",Romeo Crennel,2005,2008,4-12,event,1,high,deterministic,losing_finale,record/Notes,review,
"5-event, high-confidence",Scott Linehan,2006,2008,0-4,event,1,high,deterministic,fired_notes,record/Notes,review,
"5-event, high-confidence",Dick Jauron,2006,2009,3-6,event,1,high,deterministic,fired_notes,record/Notes,review,
"5-event, high-confidence",Jim Mora,2009,2009,5-11,event,1,high,deterministic,losing_finale,record/Notes,review,
"5-event, high-confidence",Jim Zorn,2008,2009,4-12,event,1,high,deterministic,losing_finale,record/Notes,review,
"5-event, high-confidence",Tom Cable,2009,2010,8-8,event,1,high,research,Tom Cable not retained: Al Davis declined his contract option Jan 2011 despite 8-8 (first non-losing season in years),ESPN/Raiders.com,review,
"5-event, high-confidence",Brad Childress,2006,2010,3-7,event,1,high,deterministic,fired_notes,record/Notes,review,
"5-event, high-confidence",Eric Mangini,2009,2010,5-11,event,1,high,deterministic,losing_finale,record/Notes,review,
"5-event, high-confidence",Jeff Fisher,1995,2010,6-10,event,1,high,deterministic,losing_finale,record/Notes,review,
"5-event, high-confidence",Jeff Fisher,1997,2010,6-10,event,1,high,deterministic,losing_finale,record/Notes,review,
"5-event, high-confidence",John Fox,2002,2010,2-14,event,1,high,deterministic,losing_finale,record/Notes,review,
"5-event, high-confidence",Josh McDaniels,2009,2010,3-9,event,1,high,deterministic,fired_notes,record/Notes,review,
"5-event, high-confidence",Mike Singletary,2009,2010,5-10,event,1,high,deterministic,fired_notes,record/Notes,review,
"5-event, high-confidence",Wade Phillips,2007,2010,1-7,event,1,high,deterministic,fired_notes,record/Notes,review,
"5-event, high-confidence",Hue Jackson,2011,2011,8-8,event,1,high,research,Hue Jackson fired Jan 2012 by new GM Reggie McKenzie after one 8-8 season; personnel-control clash,NFL.com,review,
"5-event, high-confidence",Jack Del Rio,2003,2011,3-8,event,1,high,deterministic,fired_notes,record/Notes,review,
"5-event, high-confidence",Jim Caldwell,2009,2011,2-14,event,1,high,deterministic,losing_finale,record/Notes,review,
"5-event, high-confidence",Raheem Morris,2009,2011,4-12,event,1,high,deterministic,losing_finale,record/Notes,review,
"5-event, high-confidence",Steve Spagnuolo,2009,2011,2-14,event,1,high,deterministic,losing_finale,record/Notes,review,
"5-event, high-confidence",Todd Haley,2009,2011,5-8,event,1,high,deterministic,fired_notes,record/Notes,review,
"5-event, high-confidence",Tony Sparano,2008,2011,4-9,event,1,high,deterministic,fired_notes,record/Notes,review,
"5-event, high-confidence",Lovie Smith,2004,2012,10-6,event,1,high,research,Lovie Smith fired Dec 2012 after 10-6 missed playoffs (collapsed from 7-1); GM Phil Emery decision,ESPN/NFL.com,review,
"5-event, high-confidence",Andy Reid,1999,2012,4-12,event,1,high,deterministic,losing_finale,record/Notes,review,
"5-event, high-confidence",Chan Gailey,2010,2012,6-10,event,1,high,deterministic,losing_finale,record/Notes,review,
"5-event, high-confidence",Ken Whisenhunt,2007,2012,5-11,event,1,high,deterministic,losing_finale,record/Notes,review,
"5-event, high-confidence",Mike Mularkey,2012,2012,2-14,event,1,high,deterministic,losing_finale,record/Notes,review,
"5-event, high-confidence",Norv Turner,2007,2012,7-9,event,1,high,deterministic,losing_finale,record/Notes,review,
"5-event, high-confidence",Pat Shurmur,2011,2012,5-11,event,1,high,deterministic,losing_finale,record/Notes,review,
"5-event, high-confidence",Romeo Crennel,2012,2012,2-14,event,1,high,deterministic,losing_finale,record/Notes,review,
"5-event, high-confidence",Gary Kubiak,2006,2013,2-11,event,1,high,deterministic,losing_finale,record/Notes,review,
"5-event, high-confidence",Greg Schiano,2012,2013,4-12,event,1,high,deterministic,losing_finale,record/Notes,review,
"5-event, high-confidence",Jim Schwartz,2009,2013,7-9,event,1,high,deterministic,losing_finale,record/Notes,review,
"5-event, high-confidence",Leslie Frazier,2010,2013,5-10-1,event,1,high,deterministic,losing_finale,record/Notes,review,
"5-event, high-confidence",Mike Munchak,2011,2013,7-9,event,1,high,deterministic,losing_finale,record/Notes,review,
"5-event, high-confidence",Mike Shanahan,2010,2013,3-13,event,1,high,deterministic,losing_finale,record/Notes,review,
"5-event, high-confidence",Rob Chudzinski,2013,2013,4-12,event,1,high,deterministic,losing_finale,record/Notes,review,
"5-event, high-confidence",Jim Harbaugh,2011,2014,8-8,event,1,high,research,Jim Harbaugh mutual parting Dec 2014 after down 8-8 amid management feud; effectively pushed out (Michigan came after),ESPN/SI,review,
"5-event, high-confidence",John Fox,2011,2014,12-4,event,1,high,research,John Fox forced out/parted ways Jan 2015 by Elway after 12-4 ended in divisional loss; Chicago hired him after,ESPN/SI,review,
"5-event, high-confidence",Dennis Allen,2012,2014,0-4,event,1,high,deterministic,fired_notes,record/Notes,review,
"5-event, high-confidence",Marc Trestman,2013,2014,5-11,event,1,high,deterministic,losing_finale,record/Notes,review,
"5-event, high-confidence",Mike Smith,2008,2014,6-10,event,1,high,deterministic,losing_finale,record/Notes,review,
"5-event, high-confidence",Rex Ryan,2009,2014,4-12,event,1,high,deterministic,losing_finale,record/Notes,review,
"5-event, high-confidence",Chip Kelly,2013,2015,6-9,event,1,high,deterministic,fired_notes,record/Notes,review,
"5-event, high-confidence",Jim Tomsula,2015,2015,5-11,event,1,high,deterministic,losing_finale,record/Notes,review,
"5-event, high-confidence",Joe Philbin,2012,2015,1-3,event,1,high,deterministic,fired_notes,record/Notes,review,
"5-event, high-confidence",Ken Whisenhunt,2014,2015,1-6,event,1,high,deterministic,fired_notes,record/Notes,review,
"5-event, high-confidence",Lovie Smith,2014,2015,6-10,event,1,high,deterministic,losing_finale,record/Notes,review,
"5-event, high-confidence",Mike Pettine,2014,2015,3-13,event,1,high,deterministic,losing_finale,record/Notes,review,
"5-event, high-confidence",Tom Coughlin,2004,2015,6-10,event,1,high,deterministic,losing_finale,record/Notes,review,
"5-event, high-confidence",Chip Kelly,2016,2016,2-14,event,1,high,deterministic,losing_finale,record/Notes,review,
"5-event, high-confidence",Gus Bradley,2013,2016,2-12,event,1,high,deterministic,losing_finale,record/Notes,review,
"5-event, high-confidence",Jeff Fisher,2012,2016,4-9,event,1,high,deterministic,fired_notes,record/Notes,review,
"5-event, high-confidence",Jeff Fisher,2016,2016,4-9,event,1,high,deterministic,fired_notes,record/Notes,review,
"5-event, high-confidence",Mike McCoy,2013,2016,5-11,event,1,high,deterministic,losing_finale,record/Notes,review,
"5-event, high-confidence",Rex Ryan,2015,2016,7-8,event,1,high,deterministic,fired_notes,record/Notes,review,
"5-event, high-confidence",Jim Caldwell,2014,2017,9-7,event,1,high,research,"Jim Caldwell fired by Lions Jan 2018 after 9-7; GM Bob Quinn wanted a new voice, cited record vs good teams",ESPN/NFL.com,review,
"5-event, high-confidence",Mike Mularkey,2016,2017,9-7,event,1,high,research,Mike Mularkey fired/parted by Titans Jan 2018 days after winning a wild-card game; ownership saw different paths,CBS Sports,review,
"5-event, high-confidence",Ben McAdoo,2016,2017,2-10,event,1,high,deterministic,fired_notes,record/Notes,review,
"5-event, high-confidence",Chuck Pagano,2012,2017,4-12,event,1,high,deterministic,losing_finale,record/Notes,review,
"5-event, high-confidence",Jack Del Rio,2015,2017,6-10,event,1,high,deterministic,losing_finale,record/Notes,review,
"5-event, high-confidence",John Fox,2015,2017,5-11,event,1,high,deterministic,losing_finale,record/Notes,review,
"5-event, high-confidence",Adam Gase,2016,2018,7-9,event,1,high,deterministic,losing_finale,record/Notes,review,
"5-event, high-confidence",Dirk Koetter,2016,2018,5-11,event,1,high,deterministic,losing_finale,record/Notes,review,
"5-event, high-confidence",Hue Jackson,2016,2018,2-5-1,event,1,high,deterministic,losing_finale,record/Notes,review,
"5-event, high-confidence",Hue Jackson,2018,2018,2-5-1,event,1,high,deterministic,losing_finale,record/Notes,review,
"5-event, high-confidence",Marvin Lewis,2003,2018,6-10,event,1,high,deterministic,losing_finale,record/Notes,review,
"5-event, high-confidence",Mike McCarthy,2006,2018,4-7-1,event,1,high,deterministic,fired_notes,record/Notes,review,
"5-event, high-confidence",Steve Wilks,2018,2018,3-13,event,1,high,deterministic,losing_finale,record/Notes,review,
"5-event, high-confidence",Todd Bowles,2015,2018,4-12,event,1,high,deterministic,losing_finale,record/Notes,review,
"5-event, high-confidence",Vance Joseph,2017,2018,6-10,event,1,high,deterministic,losing_finale,record/Notes,review,
"5-event, high-confidence",Jason Garrett,2010,2019,8-8,event,1,high,research,Jason Garrett fired (parted ways) by Cowboys Jan 2020 after 8-8 missed playoffs; replaced by McCarthy,NFL.com,review,
"5-event, high-confidence",Freddie Kitchens,2019,2019,6-10,event,1,high,deterministic,losing_finale,record/Notes,review,
"5-event, high-confidence",Jay Gruden,2014,2019,0-5,event,1,high,deterministic,fired_notes,record/Notes,review,
"5-event, high-confidence",Pat Shurmur,2018,2019,4-12,event,1,high,deterministic,losing_finale,record/Notes,review,
"5-event, high-confidence",Ron Rivera,2011,2019,5-7,event,1,high,deterministic,fired_notes,record/Notes,review,
"5-event, high-confidence",Adam Gase,2019,2020,2-14,event,1,high,deterministic,losing_finale,record/Notes,review,
"5-event, high-confidence",Anthony Lynn,2017,2020,7-9,event,1,high,deterministic,losing_finale,record/Notes,review,
"5-event, high-confidence",Bill O'Brien,2014,2020,0-4,event,1,high,deterministic,fired_notes,record/Notes,review,
"5-event, high-confidence",Dan Quinn,2015,2020,0-5,event,1,high,deterministic,fired_notes,record/Notes,review,
"5-event, high-confidence",Doug Marrone,2017,2020,1-15,event,1,high,deterministic,losing_finale,record/Notes,review,
"5-event, high-confidence",Doug Pederson,2016,2020,4-11-1,event,1,high,deterministic,losing_finale,record/Notes,review,
"5-event, high-confidence",Matt Patricia,2018,2020,4-7,event,1,high,deterministic,fired_notes,record/Notes,review,
"5-event, high-confidence",Brian Flores,2019,2021,9-8,event,1,high,research,Brian Flores fired by Dolphins Jan 2022 after 9-8 despite back-to-back winning seasons; Flores then sued NFL,NFL.com/CNN,review,
"5-event, high-confidence",Jon Gruden,2018,2021,3-2,event,1,high,research,Jon Gruden forced resignation from Raiders Oct 2021 mid-season amid email scandal; not voluntary-while-viable,CNN/SI,review,
"5-event, high-confidence",David Culley,2021,2021,4-13,event,1,high,deterministic,losing_finale,record/Notes,review,
"5-event, high-confidence",Joe Judge,2020,2021,4-13,event,1,high,deterministic,losing_finale,record/Notes,review,
"5-event, high-confidence",Matt Nagy,2018,2021,6-11,event,1,high,deterministic,losing_finale,record/Notes,review,
"5-event, high-confidence",Mike Zimmer,2014,2021,8-9,event,1,high,deterministic,losing_finale,record/Notes,review,
"5-event, high-confidence",Urban Meyer,2021,2021,2-11,event,1,high,deterministic,losing_finale,record/Notes,review,
"5-event, high-confidence",Vic Fangio,2019,2021,7-10,event,1,high,deterministic,losing_finale,record/Notes,review,
"5-event, high-confidence",Frank Reich,2018,2022,3-5-1,event,1,high,deterministic,fired_notes,record/Notes,review,
"5-event, high-confidence",Kliff Kingsbury,2019,2022,4-13,event,1,high,deterministic,losing_finale,record/Notes,review,
"5-event, high-confidence",Lovie Smith,2022,2022,3-13-1,event,1,high,deterministic,losing_finale,record/Notes,review,
"5-event, high-confidence",Matt Rhule,2020,2022,1-4,event,1,high,deterministic,fired_notes,record/Notes,review,
"5-event, high-confidence",Nathaniel Hackett,2022,2022,4-11,event,1,high,deterministic,fired_notes,record/Notes,review,
"5-event, high-confidence",Arthur Smith,2021,2023,7-10,event,1,high,deterministic,losing_finale,record/Notes,review,
"5-event, high-confidence",Bill Belichick,2000,2023,4-13,event,1,high,deterministic,losing_finale,record/Notes,review,
"5-event, high-confidence",Brandon Staley,2021,2023,5-9,event,1,high,deterministic,fired_notes,record/Notes,review,
"5-event, high-confidence",Frank Reich,2023,2023,1-10,event,1,high,deterministic,fired_notes,record/Notes,review,
"5-event, high-confidence",Josh McDaniels,2022,2023,3-5,event,1,high,deterministic,fired_notes,record/Notes,review,
"5-event, high-confidence",Mike Vrabel,2018,2023,6-11,event,1,high,deterministic,losing_finale,record/Notes,review,
"5-event, high-confidence",Ron Rivera,2020,2023,4-13,event,1,high,deterministic,losing_finale,record/Notes,review,
"5-event, high-confidence",Antonio Pierce,2024,2024,4-13,event,1,high,deterministic,losing_finale,record/Notes,review,
"5-event, high-confidence",Dennis Allen,2022,2024,2-7,event,1,high,deterministic,fired_notes,record/Notes,review,
"5-event, high-confidence",Doug Pederson,2022,2024,4-13,event,1,high,deterministic,losing_finale,record/Notes,review,
"5-event, high-confidence",Jerod Mayo,2024,2024,4-13,event,1,high,deterministic,losing_finale,record/Notes,review,
"5-event, high-confidence",Matt Eberflus,2022,2024,4-8,event,1,high,deterministic,fired_notes,record/Notes,review,
"5-event, high-confidence",Mike McCarthy,2020,2024,7-10,event,1,high,deterministic,losing_finale,record/Notes,review,
"5-event, high-confidence",Robert Saleh,2021,2024,2-3,event,1,high,deterministic,fired_notes,record/Notes,review,
"5-event, high-confidence",Andy Reid,2013,2025,,censor,0,high,deterministic,active,record/Notes,review,
"5-event, high-confidence",Dan Campbell,2021,2025,,censor,0,high,deterministic,active,record/Notes,review,
"5-event, high-confidence",John Harbaugh,2008,2025,,censor,0,high,deterministic,active,record/Notes,review,
"5-event, high-confidence",Kevin Stefanski,2020,2025,,censor,0,high,deterministic,active,record/Notes,review,
"5-event, high-confidence",Kyle Shanahan,2017,2025,,censor,0,high,deterministic,active,record/Notes,review,
"5-event, high-confidence",Matt LaFleur,2019,2025,,censor,0,high,deterministic,active,record/Notes,review,
"5-event, high-confidence",Mike Tomlin,2007,2025,,censor,0,high,deterministic,active,record/Notes,review,
"5-event, high-confidence",Nick Sirianni,2021,2025,,censor,0,high,deterministic,active,record/Notes,review,
"5-event, high-confidence",Sean McDermott,2017,2025,,censor,0,high,deterministic,active,record/Notes,review,
"5-event, high-confidence",Sean McVay,2017,2025,,censor,0,high,deterministic,active,record/Notes,review,
"5-event, high-confidence",Zac Taylor,2019,2025,,censor,0,high,deterministic,active,record/Notes,review,
